ja_prompt,zh_prompt,en_prompt,fr_prompt,ja_prompt_masked,zh_prompt_masked,en_prompt_masked,fr_prompt_masked,ja,zh,en,fr,ja1,zh1,en1,fr1,ar
"""電話""は、話をするために使用される機器です。答え: ""電話""","""电话""是用来通话的设备。答案: ""电话""","""Telephone"" is a device used for communication. Answer: ""telephone""","""Téléphone"" est un appareil utilisé pour communiquer. Réponse: ""téléphone""","""__""は、話をするために使用される機器です。答え: ""電話""","""__""是用来通话的设备。答案: ""电话""","""__"" is a device used for communication. Answer: ""telephone""","""__"" est un appareil utilisé pour communiquer. Réponse: ""téléphone""",電話,电话,telephone,téléphone,マイク,手机,phone,portable,هاتف
"""問題""は、解決する必要がある課題です。答え: ""問題""","""问题""是需要解决的难题。答案: ""问题""","""Problem"" is something that needs to be solved. Answer: ""problem""","""Problème"" est quelque chose qui doit être résolu. Réponse: ""problème""","""__""は、解決する必要がある課題です。答え: ""問題""","""__""是需要解决的难题。答案: ""问题""","""__"" is something that needs to be solved. Answer: ""problem""","""__"" est quelque chose qui doit être résolu. Réponse: ""problème""",問題,问题,problem,problème,タスク,难题,issue,affaire,مشكلة
"""結婚""は、二人の人々が正式に夫婦になることです。答え: ""結婚""","""结婚""是两个人正式成为夫妻。答案: ""结婚""","""Marriage"" is when two people become officially married. Answer: ""marriage""","""Mariage"" est lorsque deux personnes deviennent officiellement mariées. Réponse: ""mariage""","""__""は、二人の人々が正式に夫婦になることです。答え: ""結婚""","""__""是两个人正式成为夫妻。答案: ""结婚""","""__"" is when two people become officially married. Answer: ""marriage""","""__"" est lorsque deux personnes deviennent officiellement mariées. Réponse: ""mariage""",結婚,婚姻,marriage,mariage,婚姻,婚礼,wedding,marié,زواج
"""毎日""は、日々のことを指します。答え: ""毎日""","""每日""指每天的事情。答案: ""每日""","""Everyday"" refers to daily occurrences. Answer: ""everyday""","""Tous les jours"" désigne les événements quotidiens. Réponse: ""tous les jours""","""__""は、日々のことを指します。答え: ""毎日""","""__""指每天的事情。答案: ""每日""","""__"" refers to daily occurrences. Answer: ""everyday""","""__"" désigne les événements quotidiens. Réponse: ""tous les jours""",毎日,每日,everyday,tous les jours,日常,日子,routine,quotidien,كل يوم
"""英語""は、英語を話す言語です。答え: ""英語""","""英语""是使用英语的语言。答案: ""英语""","""English"" is the language spoken in English. Answer: ""English""","""Anglais"" est la langue parlée en anglais. Réponse: ""anglais""","""__""は、英語を話す言語です。答え: ""英語""","""__""是使用英语的语言。答案: ""英语""","""__"" is the language spoken in English. Answer: ""English""","""__"" est la langue parlée en anglais. Réponse: ""anglais""",英語,英语,English,anglais,アメリカ,英文,English,langue anglaise,إنجليزي
"""銀行""は、お金を預けたり借りたりする場所です。答え: ""銀行""","""银行""是存钱和借钱的地方。答案: ""银行""","""Bank"" is a place to deposit and borrow money. Answer: ""bank""","""Banque"" est un endroit pour déposer et emprunter de l'argent. Réponse: ""banque""","""__""は、お金を預けたり借りたりする場所です。答え: ""銀行""","""__""是存钱和借钱的地方。答案: ""银行""","""__"" is a place to deposit and borrow money. Answer: ""bank""","""__"" est un endroit pour déposer et emprunter de l'argent. Réponse: ""banque""",銀行,银行,bank,banque,金融機関,金融机构,credit union,bancaire,بنك
"""午後""は、正午から夜までの時間です。答え: ""午後""","""午后""是从中午到晚上的时间。答案: ""午后""","""Afternoon"" is the time from noon to evening. Answer: ""afternoon""","""Après-midi"" est le temps de midi à soir. Réponse: ""après-midi""","""__""は、正午から夜までの時間です。答え: ""午後""","""__""是从中午到晚上的时间。答案: ""午后""","""__"" is the time from noon to evening. Answer: ""afternoon""","""__"" est le temps de midi à soir. Réponse: ""après-midi""",午後,午后,afternoon,après-midi,夕方,下午,early evening,soirée,بعد الظهر
"""玄関""は、建物の入口です。答え: ""玄関""","""玄关""是建筑物的入口。答案: ""玄关""","""Entrance"" is the entry point to a building. Answer: ""entrance""","""Entrée"" est le point d'entrée d'un bâtiment. Réponse: ""entrée""","""__""は、建物の入口です。答え: ""玄関""","""__""是建筑物的入口。答案: ""玄关""","""__"" is the entry point to a building. Answer: ""entrance""","""__"" est le point d'entrée d'un bâtiment. Réponse: ""entrée""",玄関,玄关,entrance,entrée,入口,门,door,porte,مدخل
"""音楽""は、聴くことができる音の芸術です。答え: ""音楽""","""音乐""是可以听的声音艺术。答案: ""音乐""","""Music"" is the art of sound that can be heard. Answer: ""music""","""Musique"" est l'art du son qui peut être entendu. Réponse: ""musique""","""__""は、聴くことができる音の芸術です。答え: ""音楽""","""__""是可以听的声音艺术。答案: ""音乐""","""__"" is the art of sound that can be heard. Answer: ""music""","""__"" est l'art du son qui peut être entendu. Réponse: ""musique""",音楽,音乐,music,musique,ミュージック,声乐,sonics,sonorité,موسيقى
"""公園""は、公共の遊び場です。答え: ""公園""","""公园""是公共的游乐场所。答案: ""公园""","""Park"" is a public recreational area. Answer: ""park""","""Parc"" est une zone de loisirs publique. Réponse: ""parc""","""__""は、公共の遊び場です。答え: ""公園""","""__""是公共的游乐场所。答案: ""公园""","""__"" is a public recreational area. Answer: ""park""","""__"" est une zone de loisirs publique. Réponse: ""parc""",公園,公园,park,parc,広場,广场,playground,espace vert,حديقة
"""練習""は、技術を向上させるための活動です。答え: ""練習""","""练习""是提高技能的活动。答案: ""练习""","""Practice"" is an activity to improve skills. Answer: ""practice""","""Pratique"" est une activité pour améliorer les compétences. Réponse: ""pratique""","""__""は、技術を向上させるための活動です。答え: ""練習""","""__""是提高技能的活动。答案: ""练习""","""__"" is an activity to improve skills. Answer: ""practice""","""__"" est une activité pour améliorer les compétences. Réponse: ""pratique""",練習,练习,practice,pratique,トレーニング,训练,training,formation,تمرين
"""散歩""は、リラックスするための歩行です。答え: ""散歩""","""散步""是为了放松的行走。答案: ""散步""","""Walk"" is a stroll for relaxation. Answer: ""walk""","""Marche"" est une promenade pour la détente. Réponse: ""marche""","""__""は、リラックスするための歩行です。答え: ""散歩""","""__""是为了放松的行走。答案: ""散步""","""__"" is a stroll for relaxation. Answer: ""walk""","""__"" est une promenade pour la détente. Réponse: ""marche""",散歩,散步,walk,marche,ウォーキング,步行,promenade,balade,مشي
"""地図""は、場所を示す図です。答え: ""地図""","""地图""是显示位置的图。答案: ""地图""","""Map"" is a diagram showing locations. Answer: ""map""","""Carte"" est un diagramme montrant des emplacements. Réponse: ""carte""","""__""は、場所を示す図です。答え: ""地図""","""__""是显示位置的图。答案: ""地图""","""__"" is a diagram showing locations. Answer: ""map""","""__"" est un diagramme montrant des emplacements. Réponse: ""carte""",地図,地图,map,carte,マップ,示意图,chart,plan,خريطة
"""弁当""は、持ち運び可能な食事です。答え: ""弁当""","""便当""是可携带的餐食。答案: ""便当""","""Lunch box"" is a portable meal. Answer: ""lunch box""","""Boîte à lunch"" est un repas portable. Réponse: ""boîte à lunch""","""__""は、持ち運び可能な食事です。答え: ""弁当""","""__""是可携带的餐食。答案: ""便当""","""__"" is a portable meal. Answer: ""lunch box""","""__"" est un repas portable. Réponse: ""boîte à lunch""",弁当,便当,lunch box,bento,ピクニック,餐包,picnic,snack,صندوق غداء
"""天気""は、特定の時間と場所の気象条件です。答え: ""天気""","""天气""是特定时间和地点的气象条件。答案: ""天气""","""Weather"" is the atmospheric conditions at a specific time and place. Answer: ""weather""","""Météo"" est les conditions atmosphériques à un moment et un lieu spécifiques. Réponse: ""météo""","""__""は、特定の時間と場所の気象条件です。答え: ""天気""","""__""是特定时间和地点的气象条件。答案: ""天气""","""__"" is the atmospheric conditions at a specific time and place. Answer: ""weather""","""__"" est les conditions atmosphériques à un moment et un lieu spécifiques. Réponse: ""météo""",天気,天气,weather,météo,気象,气象,climate,climat,طقس
"""漢字""は、中国の文字です。答え: ""漢字""","""汉字""是中国的文字。答案: ""汉字""","""Chinese character"" is a logogram used in Chinese writing. Answer: ""Chinese character""","""Caractère chinois"" est un logogramme utilisé dans l'écriture chinoise. Réponse: ""caractère chinois""","""__""は、中国の文字です。答え: ""漢字""","""__""是中国的文字。答案: ""汉字""","""__"" is a logogram used in Chinese writing. Answer: ""Chinese character""","""__"" est un logogramme utilisé dans l'écriture chinoise. Réponse: ""caractère chinois""",漢字,汉字,Chinese character,caractère chinois,中国語,汉语,character,sinogramme,الحروف الصينية
"""醤油""は、調味料です。答え: ""醤油""","""酱油""是一种调味品。答案: ""酱油""","""Soy sauce"" is a condiment. Answer: ""soy sauce""","""Sauce soja"" est un condiment. Réponse: ""sauce soja""","""__""は、調味料です。答え: ""醤油""","""__""是一种调味品。答案: ""酱油""","""__"" is a condiment. Answer: ""soy sauce""","""__"" est un condiment. Réponse: ""sauce soja""",醤油,酱油,soy sauce,sauce soja,スパイス,调味品,ketchup,sauce,صلصة الصويا
"""毎晩""は、毎日の夜を指します。答え: ""毎晩""","""每晚""指每天的夜晚。答案: ""每晚""","""Every night"" refers to each evening. Answer: ""every night""","""Chaque nuit"" désigne chaque soirée. Réponse: ""chaque nuit""","""__""は、毎日の夜を指します。答え: ""毎晩""","""__""指每天的夜晚。答案: ""每晚""","""__"" refers to each evening. Answer: ""every night""","""__"" désigne chaque soirée. Réponse: ""chaque nuit""",毎晩,每晚,every night,chaque nuit,夜,晚上,evening,soirée,كل ليلة
"""毎週""は、毎週のことを指します。答え: ""毎週""","""每周""指每个星期。答案: ""每周""","""Every week"" refers to each week. Answer: ""every week""","""Chaque semaine"" désigne chaque semaine. Réponse: ""chaque semaine""","""__""は、毎週のことを指します。答え: ""毎週""","""__""指每个星期。答案: ""每周""","""__"" refers to each week. Answer: ""every week""","""__"" désigne chaque semaine. Réponse: ""chaque semaine""",毎週,每周,every week,chaque semaine,週間,星期,week,semaine,كل أسبوع
"""今晩""は、今日の夜です。答え: ""今晩""","""今晚""是今天的晚上。答案: ""今晚""","""Tonight"" is this evening. Answer: ""tonight""","""Ce soir"" est ce soir. Réponse: ""ce soir""","""__""は、今日の夜です。答え: ""今晩""","""__""是今天的晚上。答案: ""今晚""","""__"" is this evening. Answer: ""tonight""","""__"" est ce soir. Réponse: ""ce soir""",今晩,今晚,tonight,ce soir,今晩,今夜,this evening,nuit,الليلة
"""紅茶""は、発酵させた茶です。答え: ""紅茶""","""红茶""是发酵过的茶。答案: ""红茶""","""Red tea"" is fermented tea. Answer: ""red tea""","""Thé noir"" est du thé fermenté. Réponse: ""thé noir""","""__""は、発酵させた茶です。答え: ""紅茶""","""__""是发酵过的茶。答案: ""红茶""","""__"" is fermented tea. Answer: ""red tea""","""__"" est du thé fermenté. Réponse: ""thé noir""",紅茶,红茶,red tea,thé noir,発酵茶,熟茶,kombucha,thé vert,شاي أحمر
"""鉛筆""は、書くための道具です。答え: ""鉛筆""","""铅笔""是用来写字的工具。答案: ""铅笔""","""Pencil"" is a tool for writing. Answer: ""pencil""","""Crayon"" est un outil pour écrire. Réponse: ""crayon""","""__""は、書くための道具です。答え: ""鉛筆""","""__""是用来写字的工具。答案: ""铅笔""","""__"" is a tool for writing. Answer: ""pencil""","""__"" est un outil pour écrire. Réponse: ""crayon""",鉛筆,铅笔,pencil,crayon,ペン,笔,pen,plume,قلم رصاص
"""説明""は、何かを明らかにすることです。答え: ""説明""","""说明""是为了让事情变得清楚。答案: ""说明""","""Explanation"" is to make something clear. Answer: ""explanation""","""Explication"" est de rendre quelque chose clair. Réponse: ""explication""","""__""は、何かを明らかにすることです。答え: ""説明""","""__""是为了让事情变得清楚。答案: ""说明""","""__"" is to make something clear. Answer: ""explanation""","""__"" est de rendre quelque chose clair. Réponse: ""explication""",説明,说明,explanation,explication,開示,解释,explain,exposé,تفسير
"""最後""は、一連の終わりです。答え: ""最後""","""最后""是一系列的结束。答案: ""最后""","""Last"" is the end of a series. Answer: ""last""","""Dernier"" est la fin d'une série. Réponse: ""dernier""","""__""は、一連の終わりです。答え: ""最後""","""__""是一系列的结束。答案: ""最后""","""__"" is the end of a series. Answer: ""last""","""__"" est la fin d'une série. Réponse: ""dernier""",最後,最后,last,dernier,終了,结束,final,finale,أخير
"""時代""は、特定の歴史の期間です。答え: ""時代""","""时代""是特定历史时期。答案: ""时代""","""Era"" is a specific period in history. Answer: ""era""","""ère"" est une période spécifique de l'histoire. Réponse: ""ère""","""__""は、特定の歴史の期間です。答え: ""時代""","""__""是特定历史时期。答案: ""时代""","""__"" is a specific period in history. Answer: ""era""","""__"" est une période spécifique de l'histoire. Réponse: ""ère""",時代,时代,era,ère,中世,时期,period,époque,عصر
"""経験""は、何かを体験することです。答え: ""経験""","""经验""是对某事的体验。答案: ""经验""","""Experience"" is the act of living through something. Answer: ""experience""","""Expérience"" est l'acte de vivre quelque chose. Réponse: ""expérience""","""__""は、何かを体験することです。答え: ""経験""","""__""是对某事的体验。答案: ""经验""","""__"" is the act of living through something. Answer: ""experience""","""__"" est l'acte de vivre quelque chose. Réponse: ""expérience""",経験,经验,experience,expérience,体験,体验,survival,vivre,تجربة
"""運動""は、体を動かす活動です。答え: ""運動""","""运动""是移动身体的活动。答案: ""运动""","""Exercise"" is an activity to move the body. Answer: ""exercise""","""Exercice"" est une activité pour bouger le corps. Réponse: ""exercice""","""__""は、体を動かす活動です。答え: ""運動""","""__""是移动身体的活动。答案: ""运动""","""__"" is an activity to move the body. Answer: ""exercise""","""__"" est une activité pour bouger le corps. Réponse: ""exercice""",運動,运动,exercise,exercice,活動,动作,sport,activité,ممارسة
"""特別""は、普通とは違うことです。答え: ""特別""","""特别""是与众不同的事物。答案: ""特别""","""Special"" is something different from the ordinary. Answer: ""special""","""Spécial"" est quelque chose de différent de l'ordinaire. Réponse: ""spécial""","""__""は、普通とは違うことです。答え: ""特別""","""__""是与众不同的事物。答案: ""特别""","""__"" is something different from the ordinary. Answer: ""special""","""__"" est quelque chose de différent de l'ordinaire. Réponse: ""spécial""",特別,特别,special,spécial,例外,特色,novelty,exceptionnel,خاص
"""失敗""は、目的を達成できないことです。答え: ""失敗""","""失败""是未能达成目标。答案: ""失败""","""Failure"" is the inability to achieve a goal. Answer: ""failure""","""échec"" est l'incapacité à atteindre un objectif. Réponse: ""échec""","""__""は、目的を達成できないことです。答え: ""失敗""","""__""是未能达成目标。答案: ""失败""","""__"" is the inability to achieve a goal. Answer: ""failure""","""__"" est l'incapacité à atteindre un objectif. Réponse: ""échec""",失敗,失败,failure,échec,挫折,失利,frustration,défaite,فشل
"""準備""は、何かをするための準備です。答え: ""準備""","""准备""是为了做某事的准备。答案: ""准备""","""Preparation"" is getting ready for something. Answer: ""preparation""","""Préparation"" est se préparer pour quelque chose. Réponse: ""préparation""","""__""は、何かをするための準備です。答え: ""準備""","""__""是为了做某事的准备。答案: ""准备""","""__"" is getting ready for something. Answer: ""preparation""","""__"" est se préparer pour quelque chose. Réponse: ""préparation""",準備,准备,preparation,préparation,計画,预备,prepare,prépar,تحضير
"""社長""は、会社のトップです。答え: ""社長""","""社长""是一家公司的最高负责人。答案: ""社长""","""President"" is the top executive of a company. Answer: ""president""","""Président"" est le cadre supérieur d'une entreprise. Réponse: ""président""","""__""は、会社のトップです。答え: ""社長""","""__""是一家公司的最高负责人。答案: ""社长""","""__"" is the top executive of a company. Answer: ""president""","""__"" est le cadre supérieur d'une entreprise. Réponse: ""président""",社長,社长,president,président,ボス,总裁,CEO,directeur,رئيس
"""機会""は、何かをするためのチャンスです。答え: ""機会""","""机会""是做某事的机会。答案: ""机会""","""Opportunity"" is a chance to do something. Answer: ""opportunity""","""Opportunité"" est une chance de faire quelque chose. Réponse: ""opportunité""","""__""は、何かをするためのチャンスです。答え: ""機会""","""__""是做某事的机会。答案: ""机会""","""__"" is a chance to do something. Answer: ""opportunity""","""__"" est une chance de faire quelque chose. Réponse: ""opportunité""",機会,机会,opportunity,opportunité,チャンス,时机,chance,occasion,فرصة
"""戦争""は、国家間の武力紛争です。答え: ""戦争""","""战争""是国家之间的武装冲突。答案: ""战争""","""War"" is an armed conflict between nations. Answer: ""war""","""Guerre"" est un conflit armé entre nations. Réponse: ""guerre""","""__""は、国家間の武力紛争です。答え: ""戦争""","""__""是国家之间的武装冲突。答案: ""战争""","""__"" is an armed conflict between nations. Answer: ""war""","""__"" est un conflit armé entre nations. Réponse: ""guerre""",戦争,战争,war,guerre,戦い,冲突,battle,bataille,حرب
"""技術""は、科学や工学の応用です。答え: ""技術""","""技术""是科学和工程的应用。答案: ""技术""","""Technology"" is the application of science and engineering. Answer: ""technology""","""Technologie"" est l'application des sciences et de l'ingénierie. Réponse: ""technologie""","""__""は、科学や工学の応用です。答え: ""技術""","""__""是科学和工程的应用。答案: ""技术""","""__"" is the application of science and engineering. Answer: ""technology""","""__"" est l'application des sciences et de l'ingénierie. Réponse: ""technologie""",技術,技术,technology,technologie,テクノロジー,科技,engineering,ingénierie,تكنولوجيا
"""歴史""は、過去の出来事の記録です。答え: ""歴史""","""历史""是对过去事件的记录。答案: ""历史""","""History"" is the record of past events. Answer: ""history""","""Histoire"" est l'enregistrement des événements passés. Réponse: ""histoire""","""__""は、過去の出来事の記録です。答え: ""歴史""","""__""是对过去事件的记录。答案: ""历史""","""__"" is the record of past events. Answer: ""history""","""__"" est l'enregistrement des événements passés. Réponse: ""histoire""",歴史,历史,history,histoire,記憶,记录,archive,archives,تاريخ
"""小説""は、フィクションの物語です。答え: ""小説""","""小说""是虚构的故事。答案: ""小说""","""Novel"" is a work of fiction. Answer: ""novel""","""Roman"" est une œuvre de fiction. Réponse: ""roman""","""__""は、フィクションの物語です。答え: ""小説""","""__""是虚构的故事。答案: ""小说""","""__"" is a work of fiction. Answer: ""novel""","""__"" est une œuvre de fiction. Réponse: ""roman""",小説,小说,novel,roman,フィクション,故事,story,fiction,رواية
"""季節""は、一年の中の特定の時期です。答え: ""季節""","""季节""是一年中的特定时期。答案: ""季节""","""Season"" is a specific period of the year. Answer: ""season""","""Saison"" est une période spécifique de l'année. Réponse: ""saison""","""__""は、一年の中の特定の時期です。答え: ""季節""","""__""是一年中的特定时期。答案: ""季节""","""__"" is a specific period of the year. Answer: ""season""","""__"" est une période spécifique de l'année. Réponse: ""saison""",季節,季节,season,saison,シーズン,节日,holiday,mois,موسم
"""経済""は、資源の生産、分配、消費です。答え: ""経済""","""经济""是资源的生产、分配和消费。答案: ""经济""","""Economy"" is the production, distribution, and consumption of resources. Answer: ""economy""","""économie"" est la production, la distribution et la consommation des ressources. Réponse: ""économie""","""__""は、資源の生産、分配、消費です。答え: ""経済""","""__""是资源的生产、分配和消费。答案: ""经济""","""__"" is the production, distribution, and consumption of resources. Answer: ""economy""","""__"" est la production, la distribution et la consommation des ressources. Réponse: ""économie""",経済,经济,economy,économie,市場,分配,market,système,اقتصاد
"""出発""は、旅の始まりです。答え: ""出発""","""出发""是旅程的开始。答案: ""出发""","""Departure"" is the beginning of a journey. Answer: ""departure""","""Départ"" est le début d'un voyage. Réponse: ""départ""","""__""は、旅の始まりです。答え: ""出発""","""__""是旅程的开始。答案: ""出发""","""__"" is the beginning of a journey. Answer: ""departure""","""__"" est le début d'un voyage. Réponse: ""départ""",出発,出发,departure,départ,出発点,起点,start,partir,مغادرة
"""予約""は、事前に確保することです。答え: ""予約""","""预约""是事先确定。答案: ""预约""","""Reservation"" is securing something in advance. Answer: ""reservation""","""Réservation"" est sécuriser quelque chose à l'avance. Réponse: ""réservation""","""__""は、事前に確保することです。答え: ""予約""","""__""是事先确定。答案: ""预约""","""__"" is securing something in advance. Answer: ""reservation""","""__"" est sécuriser quelque chose à l'avance. Réponse: ""réservation""",予約,预约,reservation,réservation,前売り,预定,arrangement,prévoir,حجز
"""工場""は、物を製造する場所です。答え: ""工場""","""工厂""是制造物品的地方。答案: ""工厂""","""Factory"" is a place where goods are manufactured. Answer: ""factory""","""Usine"" est un endroit où les biens sont fabriqués. Réponse: ""usine""","""__""は、物を製造する場所です。答え: ""工場""","""__""是制造物品的地方。答案: ""工厂""","""__"" is a place where goods are manufactured. Answer: ""factory""","""__"" est un endroit où les biens sont fabriqués. Réponse: ""usine""",工場,工厂,factory,usine,工房,产地,plant,atelier,مصنع
"""部長""は、部署の責任者です。答え: ""部長""","""部长""是部门的负责人。答案: ""部长""","""Department head"" is the leader of a department. Answer: ""department head""","""Chef de département"" est le responsable d'un département. Réponse: ""chef de département""","""__""は、部署の責任者です。答え: ""部長""","""__""是部门的负责人。答案: ""部长""","""__"" is the leader of a department. Answer: ""department head""","""__"" est le responsable d'un département. Réponse: ""chef de département""",部長,部长,department head,chef de département,担当者,主管,manager,directeur,رئيس قسم
"""店員""は、店で働く人です。答え: ""店員""","""店员""是在店里工作的人。答案: ""店员""","""Clerk"" is a person working in a store. Answer: ""clerk""","""Employé"" est une personne travaillant dans un magasin. Réponse: ""employé""","""__""は、店で働く人です。答え: ""店員""","""__""是在店里工作的人。答案: ""店员""","""__"" is a person working in a store. Answer: ""clerk""","""__"" est une personne travaillant dans un magasin. Réponse: ""employé""",店員,店员,clerk,employé,従業員,员工,salesperson,vendeur,موظف
"""習慣""は、定期的に行う行動です。答え: ""習慣""","""习惯""是定期进行的行为。答案: ""习惯""","""Habit"" is a regular behavior. Answer: ""habit""","""Habitude"" est un comportement régulier. Réponse: ""habitude""","""__""は、定期的に行う行動です。答え: ""習慣""","""__""是定期进行的行为。答案: ""习惯""","""__"" is a regular behavior. Answer: ""habit""","""__"" est un comportement régulier. Réponse: ""habitude""",習慣,习惯,habit,habitude,点検,活动,routine,régime,عادة
"""複雑""は、理解するのが難しいことです。答え: ""複雑""","""复杂""是难以理解的事物。答案: ""复杂""","""Complex"" is something difficult to understand. Answer: ""complex""","""Complexe"" est quelque chose de difficile à comprendre. Réponse: ""complexe""","""__""は、理解するのが難しいことです。答え: ""複雑""","""__""是难以理解的事物。答案: ""复杂""","""__"" is something difficult to understand. Answer: ""complex""","""__"" est quelque chose de difficile à comprendre. Réponse: ""complexe""",複雑,复杂,complex,complexe,難解,神秘,complexity,mystère,معقد
"""台風""は、強い熱帯性の嵐です。答え: ""台風""","""台风""是强烈的热带风暴。答案: ""台风""","""Typhoon"" is a strong tropical storm. Answer: ""typhoon""","""Typhon"" est une forte tempête tropicale. Réponse: ""typhon""","""__""は、強い熱帯性の嵐です。答え: ""台風""","""__""是强烈的热带风暴。答案: ""台风""","""__"" is a strong tropical storm. Answer: ""typhoon""","""__"" est une forte tempête tropicale. Réponse: ""typhon""",台風,台风,typhoon,typhon,ハリケーン,风暴,hurricane,cyclone,إعصار
"""会場""は、イベントが行われる場所です。答え: ""会場""","""会场""是举办活动的地方。答案: ""会场""","""Venue"" is a place where events are held. Answer: ""venue""","""Lieu"" est un endroit où se tiennent des événements. Réponse: ""lieu""","""__""は、イベントが行われる場所です。答え: ""会場""","""__""是举办活动的地方。答案: ""会场""","""__"" is a place where events are held. Answer: ""venue""","""__"" est un endroit où se tiennent des événements. Réponse: ""lieu""",会場,会场,venue,lieu,ロケーション,场所,stadium,lieux,موقع
"""会議""は、人々が集まって話し合う場です。答え: ""会議""","""会议""是人们聚集讨论的场合。答案: ""会议""","""Meeting"" is a place where people gather to discuss. Answer: ""meeting""","""Réunion"" est un endroit où les gens se réunissent pour discuter. Réponse: ""réunion""","""__""は、人々が集まって話し合う場です。答え: ""会議""","""__""是人们聚集讨论的场合。答案: ""会议""","""__"" is a place where people gather to discuss. Answer: ""meeting""","""__"" est un endroit où les gens se réunissent pour discuter. Réponse: ""réunion""",会議,会议,meeting,réunion,集会,座谈,conference,forum,اجتماع
"""旅館""は、宿泊施設です。答え: ""旅館""","""旅馆""是提供住宿的地方。答案: ""旅馆""","""Inn"" is a place providing lodging. Answer: ""inn""","""Auberge"" est un endroit offrant de l'hébergement. Réponse: ""auberge""","""__""は、宿泊施設です。答え: ""旅館""","""__""是提供住宿的地方。答案: ""旅馆""","""__"" is a place providing lodging. Answer: ""inn""","""__"" est un endroit offrant de l'hébergement. Réponse: ""auberge""",旅館,旅馆,inn,auberge,ホテル,酒店,hotel,hôtel,نزل
"""発音""は、言葉の音の出し方です。答え: ""発音""","""发音""是语言声音的发出方式。答案: ""发音""","""Pronunciation"" is the way sounds are made in speech. Answer: ""pronunciation""","""Prononciation"" est la manière dont les sons sont produits dans la parole. Réponse: ""prononciation""","""__""は、言葉の音の出し方です。答え: ""発音""","""__""是语言声音的发出方式。答案: ""发音""","""__"" is the way sounds are made in speech. Answer: ""pronunciation""","""__"" est la manière dont les sons sont produits dans la parole. Réponse: ""prononciation""",発音,发音,pronunciation,prononciation,イントネーション,发声,voice,articulation,نطق
"""日記""は、個人の出来事を記録するものです。答え: ""日記""","""日记""是记录个人事件的东西。答案: ""日记""","""Diary"" is a record of personal events. Answer: ""diary""","""Journal"" est un enregistrement des événements personnels. Réponse: ""journal""","""__""は、個人の出来事を記録するものです。答え: ""日記""","""__""是记录个人事件的东西。答案: ""日记""","""__"" is a record of personal events. Answer: ""diary""","""__"" est un enregistrement des événements personnels. Réponse: ""journal""",日記,日记,diary,journal,記録,笔记,memoir,mémoire,يوميات
"""電灯""は、電気を使った照明です。答え: ""電灯""","""电灯""是使用电力的照明设备。答案: ""电灯""","""Electric light"" is illumination using electricity. Answer: ""electric light""","""Lumière électrique"" est l'éclairage utilisant l'électricité. Réponse: ""lumière électrique""","""__""は、電気を使った照明です。答え: ""電灯""","""__""是使用电力的照明设备。答案: ""电灯""","""__"" is illumination using electricity. Answer: ""electric light""","""__"" est l'éclairage utilisant l'électricité. Réponse: ""lumière électrique""",電灯,电灯,electric light,lumière électrique,ライト,灯,light,éclairage,ضوء كهربائي
"""翻訳""は、言語を他の言語に変換することです。答え: ""翻訳""","""翻译""是将一种语言转换为另一种语言。答案: ""翻译""","""Translation"" is converting language into another language. Answer: ""translation""","""Traduction"" est la conversion d'une langue en une autre. Réponse: ""traduction""","""__""は、言語を他の言語に変換することです。答え: ""翻訳""","""__""是将一种语言转换为另一种语言。答案: ""翻译""","""__"" is converting language into another language. Answer: ""translation""","""__"" est la conversion d'une langue en une autre. Réponse: ""traduction""",翻訳,翻译,translation,traduction,通訳,转译,translate,traduction,ترجمة
"""競争""は、勝ち負けを決めるための争いです。答え: ""競争""","""竞争""是为了决定胜负的争斗。答案: ""竞争""","""Competition"" is a contest to determine a winner. Answer: ""competition""","""Compétition"" est un concours pour déterminer un gagnant. Réponse: ""compétition""","""__""は、勝ち負けを決めるための争いです。答え: ""競争""","""__""是为了决定胜负的争斗。答案: ""竞争""","""__"" is a contest to determine a winner. Answer: ""competition""","""__"" est un concours pour déterminer un gagnant. Réponse: ""compétition""",競争,竞争,competition,compétition,試合,比赛,contest,concours,منافسة
"""産業""は、商品やサービスの生産活動です。答え: ""産業""","""产业""是商品和服务的生产活动。答案: ""产业""","""Industry"" is the production of goods and services. Answer: ""industry""","""Industrie"" est la production de biens et services. Réponse: ""industrie""","""__""は、商品やサービスの生産活動です。答え: ""産業""","""__""是商品和服务的生产活动。答案: ""产业""","""__"" is the production of goods and services. Answer: ""industry""","""__"" est la production de biens et services. Réponse: ""industrie""",産業,产业,industry,activité,生産,生产,production,produit,صناعة
"""工業""は、製品を作る産業です。答え: ""工業""","""工业""是制造产品的行业。答案: ""工业""","""Industry"" is the sector that produces goods. Answer: ""industry""","""Industrie"" est le secteur qui produit des biens. Réponse: ""industrie""","""__""は、製品を作る産業です。答え: ""工業""","""__""是制造产品的行业。答案: ""工业""","""__"" is the sector that produces goods. Answer: ""industry""","""__"" est le secteur qui produit des biens. Réponse: ""industrie""",製造業,制造业,manufacturing,industrie,工業,制造业,fabrication,secteur secondaire,تصنيع
"""貿易""は、商品やサービスの交換です。答え: ""貿易""","""贸易""是商品和服务的交换。答案: ""贸易""","""Trade"" is the exchange of goods and services. Answer: ""trade""","""Commerce"" est l'échange de biens et services. Réponse: ""commerce""","""__""は、商品やサービスの交換です。答え: ""貿易""","""__""是商品和服务的交换。答案: ""贸易""","""__"" is the exchange of goods and services. Answer: ""trade""","""__"" est l'échange de biens et services. Réponse: ""commerce""",貿易,贸易,trade,commerce,取引,交换,transaction,échange,تجارة
"""電報""は、電信を使ったメッセージです。答え: ""電報""","""电报""是使用电信的消息。答案: ""电报""","""Telegram"" is a message sent by telegraph. Answer: ""telegram""","""Télégramme"" est un message envoyé par télégraphe. Réponse: ""télégramme""","""__""は、電信を使ったメッセージです。答え: ""電報""","""__""是使用电信的消息。答案: ""电报""","""__"" is a message sent by telegraph. Answer: ""telegram""","""__"" est un message envoyé par télégraphe. Réponse: ""télégramme""",電報,电报,telegram,télégramme,テレグラム,短信,message,dépêche,برقية
"""講堂""は、講義が行われる場所です。答え: ""講堂""","""讲堂""是进行讲座的地方。答案: ""讲堂""","""Lecture hall"" is a place where lectures are given. Answer: ""lecture hall""","""Amphithéâtre"" est un lieu où se déroulent les conférences. Réponse: ""amphithéâtre""","""__""は、講義が行われる場所です。答え: ""講堂""","""__""是进行讲座的地方。答案: ""讲堂""","""__"" is a place where lectures are given. Answer: ""lecture hall""","""__"" est un lieu où se déroulent les conférences. Réponse: ""amphithéâtre""",講堂,讲堂,lecture hall,congrès,教室,学校,school,salle,قاعة محاضرات
"""現在""は、今の時点です。答え: ""現在""","""现在""是当前的时间点。答案: ""现在""","""Present"" is the current point in time. Answer: ""present""","""Présent"" est le point actuel dans le temps. Réponse: ""présent""","""__""は、今の時点です。答え: ""現在""","""__""是当前的时间点。答案: ""现在""","""__"" is the current point in time. Answer: ""present""","""__"" est le point actuel dans le temps. Réponse: ""présent""",現在,现在,present,présent,現時点,当前,now,instant,الحاضر
"""状態""は、物事のありさまです。答え: ""状態""","""状态""是事物的情况。答案: ""状态""","""State"" is the condition of something. Answer: ""state""","""état"" est la condition de quelque chose. Réponse: ""état""","""__""は、物事のありさまです。答え: ""状態""","""__""是事物的情况。答案: ""状态""","""__"" is the condition of something. Answer: ""state""","""__"" est la condition de quelque chose. Réponse: ""état""",状態,状态,state,état,様子,状况,condition,entretien,حالة
"""主義""は、信念や価値観です。答え: ""主義""","""主义""是信仰或价值观。答案: ""主义""","""Principle"" is a belief or value. Answer: ""principle""","""Principe"" est une croyance ou une valeur. Réponse: ""principe""","""__""は、信念や価値観です。答え: ""主義""","""__""是信仰或价值观。答案: ""主义""","""__"" is a belief or value. Answer: ""principle""","""__"" est une croyance ou une valeur. Réponse: ""principe""",主義,主义,principle,principe,価値観,信念,worldview,conviction,مبدأ
"""活動""は、行動や運動です。答え: ""活動""","""活动""是行为或运动。答案: ""活动""","""Activity"" is an action or movement. Answer: ""activity""","""Activité"" est une action ou un mouvement. Réponse: ""activité""","""__""は、行動や運動です。答え: ""活動""","""__""是行为或运动。答案: ""活动""","""__"" is an action or movement. Answer: ""activity""","""__"" est une action ou un mouvement. Réponse: ""activité""",活動,活动,activity,activité,運動,动作,motion,mouvement,نشاط
"""意識""は、気づきや認識です。答え: ""意識""","""意识""是觉察或认知。答案: ""意识""","""Consciousness"" is awareness or perception. Answer: ""consciousness""","""Conscience"" est la prise de conscience ou la perception. Réponse: ""conscience""","""__""は、気づきや認識です。答え: ""意識""","""__""是觉察或认知。答案: ""意识""","""__"" is awareness or perception. Answer: ""consciousness""","""__"" est la prise de conscience ou la perception. Réponse: ""conscience""",意識,意识,consciousness,conscience,認知,观察,perception,conscient,وعي
"""個人""は、一人の人間です。答え: ""個人""","""个人""是一个人。答案: ""个人""","""Individual"" is a single person. Answer: ""individual""","""Individu"" est une seule personne. Réponse: ""individu""","""__""は、一人の人間です。答え: ""個人""","""__""是一个人。答案: ""个人""","""__"" is a single person. Answer: ""individual""","""__"" est une seule personne. Réponse: ""individu""",個人,个人,individual,individu,人間,人,person,personne,فرد
"""事実""は、実際に起こったことです。答え: ""事実""","""事实""是实际发生的事情。答案: ""事实""","""Fact"" is something that actually happened. Answer: ""fact""","""Fait"" est quelque chose qui est réellement arrivé. Réponse: ""fait""","""__""は、実際に起こったことです。答え: ""事実""","""__""是实际发生的事情。答案: ""事实""","""__"" is something that actually happened. Answer: ""fact""","""__"" est quelque chose qui est réellement arrivé. Réponse: ""fait""",事実,事实,fact,fait,現実,实际,reality,réalité,حقيقة
"""変化""は、状態の移り変わりです。答え: ""変化""","""变化""是状态的转变。答案: ""变化""","""Change"" is the transition of states. Answer: ""change""","""Changement"" est la transition des états. Réponse: ""changement""","""__""は、状態の移り変わりです。答え: ""変化""","""__""是状态的转变。答案: ""变化""","""__"" is the transition of states. Answer: ""change""","""__"" est la transition des états. Réponse: ""changement""",変化,变化,change,changement,遷移,改变,transition,transition,تغيير
"""同時""は、同じ時間に起こることです。答え: ""同時""","""同时""是同一时间发生的事情。答案: ""同时""","""Simultaneously"" is occurring at the same time. Answer: ""simultaneously""","""Simultanément"" est se produisant en même temps. Réponse: ""simultanément""","""__""は、同じ時間に起こることです。答え: ""同時""","""__""是同一时间发生的事情。答案: ""同时""","""__"" is occurring at the same time. Answer: ""simultaneously""","""__"" est se produisant en même temps. Réponse: ""simultanément""",同時,同时,simultaneously,simultanément,並行,同步,concurrent,concomitant,في نفس الوقت
"""労働""は、体や頭を使って働くことです。答え: ""労働""","""劳动""是用体力或脑力工作。答案: ""劳动""","""Labor"" is working with physical or mental effort. Answer: ""labor""","""Travail"" est travailler avec un effort physique ou mental. Réponse: ""travail""","""__""は、体や頭を使って働くことです。答え: ""労働""","""__""是用体力或脑力工作。答案: ""劳动""","""__"" is working with physical or mental effort. Answer: ""labor""","""__"" est travailler avec un effort physique ou mental. Réponse: ""travail""",労働,劳动,labor,travail,仕事,工作,work,effort,عمل
"""環境""は、周りの状況や条件です。答え: ""環境""","""环境""是周围的状况和条件。答案: ""环境""","""Environment"" is the surrounding conditions or circumstances. Answer: ""environment""","""Environnement"" est les conditions ou circonstances environnantes. Réponse: ""environnement""","""__""は、周りの状況や条件です。答え: ""環境""","""__""是周围的状况和条件。答案: ""环境""","""__"" is the surrounding conditions or circumstances. Answer: ""environment""","""__"" est les conditions ou circonstances environnantes. Réponse: ""environnement""",環境,环境,environment,environnement,周囲,状况,circumstance,conditions,بيئة
"""世紀""は、100年間の期間です。答え: ""世紀""","""世纪""是100年的时间段。答案: ""世纪""","""Century"" is a period of 100 years. Answer: ""century""","""Siècle"" est une période de 100 ans. Réponse: ""siècle""","""__""は、100年間の期間です。答え: ""世紀""","""__""是100年的时间段。答案: ""世纪""","""__"" is a period of 100 years. Answer: ""century""","""__"" est une période de 100 ans. Réponse: ""siècle""",世紀,世纪,century,siècle,センチュリー,百年,hundred years,sécul,قرن
"""効果""は、何かの結果や影響です。答え: ""効果""","""效果""是某事的结果或影响。答案: ""效果""","""Effect"" is the result or influence of something. Answer: ""effect""","""Effet"" est le résultat ou l'influence de quelque chose. Réponse: ""effet""","""__""は、何かの結果や影響です。答え: ""効果""","""__""是某事的结果或影响。答案: ""效果""","""__"" is the result or influence of something. Answer: ""effect""","""__"" est le résultat ou l'influence de quelque chose. Réponse: ""effet""",効果,效果,effect,effet,結果,后果,consequence,résultat,تأثير
"""調査""は、情報を集めるための研究です。答え: ""調査""","""调查""是为了收集信息的研究。答案: ""调查""","""Survey"" is research to gather information. Answer: ""survey""","""Enquête"" est une recherche pour recueillir des informations. Réponse: ""enquête""","""__""は、情報を集めるための研究です。答え: ""調査""","""__""是为了收集信息的研究。答案: ""调查""","""__"" is research to gather information. Answer: ""survey""","""__"" est une recherche pour recueillir des informations. Réponse: ""enquête""",調査,调查,survey,enquête,リサーチ,研究,research,recherche,مسح
"""時期""は、特定の期間です。答え: ""時期""","""时期""是特定的时间段。答案: ""时期""","""Period"" is a specific duration of time. Answer: ""period""","""Période"" est une durée spécifique de temps. Réponse: ""période""","""__""は、特定の期間です。答え: ""時期""","""__""是特定的时间段。答案: ""时期""","""__"" is a specific duration of time. Answer: ""period""","""__"" est une durée spécifique de temps. Réponse: ""période""",時期,时期,period,période,期間,期间,minute,durée,فترة
"""責任""は、義務や責務です。答え: ""責任""","""责任""是义务或职责。答案: ""责任""","""Responsibility"" is duty or obligation. Answer: ""responsibility""","""Responsabilité"" est le devoir ou l'obligation. Réponse: ""responsabilité""","""__""は、義務や責務です。答え: ""責任""","""__""是义务或职责。答案: ""责任""","""__"" is duty or obligation. Answer: ""responsibility""","""__"" est le devoir ou l'obligation. Réponse: ""responsabilité""",責任,责任,responsibility,responsabilité,義務,义务,obligation,devoir,مسؤولية
"""企業""は、ビジネスを行う組織です。答え: ""企業""","""企业""是进行商业活动的组织。答案: ""企业""","""Enterprise"" is an organization conducting business. Answer: ""enterprise""","""Entreprise"" est une organisation qui mène des affaires. Réponse: ""entreprise""","""__""は、ビジネスを行う組織です。答え: ""企業""","""__""是进行商业活动的组织。答案: ""企业""","""__"" is an organization conducting business. Answer: ""enterprise""","""__"" est une organisation qui mène des affaires. Réponse: ""entreprise""",企業,企业,enterprise,entreprise,会社,公司,company,société,شركة
"""現実""は、実際の状況です。答え: ""現実""","""现实""是实际的情况。答案: ""现实""","""Reality"" is the actual situation. Answer: ""reality""","""Réalité"" est la situation réelle. Réponse: ""réalité""","""__""は、実際の状況です。答え: ""現実""","""__""是实际的情况。答案: ""现实""","""__"" is the actual situation. Answer: ""reality""","""__"" est la situation réelle. Réponse: ""réalité""",現実,现实,reality,réalité,現状,现状,circumstance,réel,واقع
"""組織""は、目標を達成するための集団です。答え: ""組織""","""组织""是为了实现目标的群体。答案: ""组织""","""Organization"" is a group formed to achieve goals. Answer: ""organization""","""Organisation"" est un groupe formé pour atteindre des objectifs. Réponse: ""organisation""","""__""は、目標を達成するための集団です。答え: ""組織""","""__""是为了实现目标的群体。答案: ""组织""","""__"" is a group formed to achieve goals. Answer: ""organization""","""__"" est un groupe formé pour atteindre des objectifs. Réponse: ""organisation""",組織,组织,organization,organisation,チーム,团体,team,association,تنظيم
"""保険""は、リスクを管理するための制度です。答え: ""保険""","""保险""是管理风险的制度。答案: ""保险""","""Insurance"" is a system to manage risk. Answer: ""insurance""","""Assurance"" est un système pour gérer les risques. Réponse: ""assurance""","""__""は、リスクを管理するための制度です。答え: ""保険""","""__""是管理风险的制度。答案: ""保险""","""__"" is a system to manage risk. Answer: ""insurance""","""__"" est un système pour gérer les risques. Réponse: ""assurance""",保険,保险,insurance,assurance,リスク管理,风控,risk management,contrôle,تأمين
"""機能""は、特定の役割を果たすことです。答え: ""機能""","""机能""是发挥特定作用。答案: ""机能""","""Function"" is to perform a specific role. Answer: ""function""","""Fonction"" est de remplir un rôle spécifique. Réponse: ""fonction""","""__""は、特定の役割を果たすことです。答え: ""機能""","""__""是发挥特定作用。答案: ""机能""","""__"" is to perform a specific role. Answer: ""function""","""__"" est de remplir un rôle spécifique. Réponse: ""fonction""",機能,机能,function,fonction,役割,功能,act,rôle,وظيفة
"""絶対""は、他に比べるものがないことです。答え: ""絶対""","""绝对""是没有可比性的事物。答案: ""绝对""","""Absolute"" is something incomparable. Answer: ""absolute""","""Absolu"" est quelque chose d'incomparable. Réponse: ""absolu""","""__""は、他に比べるものがないことです。答え: ""絶対""","""__""是没有可比性的事物。答案: ""绝对""","""__"" is something incomparable. Answer: ""absolute""","""__"" est quelque chose d'incomparable. Réponse: ""absolu""",絶対,绝对,absolute,absolu,ユニーク,唯一,unique,incomparable,مطلق
"""価値""は、物の重要性や有用性です。答え: ""価値""","""价值""是物品的重要性或有用性。答案: ""价值""","""Value"" is the importance or usefulness of something. Answer: ""value""","""Valeur"" est l'importance ou l'utilité de quelque chose. Réponse: ""valeur""","""__""は、物の重要性や有用性です。答え: ""価値""","""__""是物品的重要性或有用性。答案: ""价值""","""__"" is the importance or usefulness of something. Answer: ""value""","""__"" est l'importance ou l'utilité de quelque chose. Réponse: ""valeur""",価値,价值,value,valeur,意義,重要,significance,importance,قيمة
"""行為""は、人の行動や行いです。答え: ""行為""","""行为""是人的动作或活动。答案: ""行为""","""Behavior"" is a person's actions or conduct. Answer: ""behavior""","""Comportement"" est les actions ou la conduite d'une personne. Réponse: ""comportement""","""__""は、人の行動や行いです。答え: ""行為""","""__""是人的动作或活动。答案: ""行为""","""__"" is a person's actions or conduct. Answer: ""behavior""","""__"" est les actions ou la conduite d'une personne. Réponse: ""comportement""",行為,行为,behavior,comportement,行動,活动,demeanor,conduct,سلوك
"""同様""は、同じようなことです。答え: ""同様""","""同样""是相同的事物。答案: ""同样""","""Same"" is something has no difference. Answer: ""same""","""Semblable"" est quelque chose qui n'a aucune différence. Réponse : ""semblable""","""__""は、同じようなことです。答え: ""同様""","""__""是相同的事物。答案: ""同样""","""__"" is something has no difference. Answer: ""same""","""__"" est quelque chose qui n'a aucune différence. Réponse : ""semblable""",同様,同样,same,semblable,類似,相同,equal,similaire,نفس
"""報告""は、情報を伝えることです。答え: ""報告""","""报告""是传达信息的行为。答案: ""报告""","""Report"" is the act of conveying information. Answer: ""report""","""Rapport"" est l'acte de transmettre des informations. Réponse: ""rapport""","""__""は、情報を伝えることです。答え: ""報告""","""__""是传达信息的行为。答案: ""报告""","""__"" is the act of conveying information. Answer: ""report""","""__"" est l'acte de transmettre des informations. Réponse: ""rapport""",報告,报告,report,rapport,通信,传达,transmission,communication,تقرير
"""期間""は、特定の時間の範囲です。答え: ""期間""","""期间""是特定的时间段。答案: ""期间""","""Period"" is a specific range of time. Answer: ""period""","""Période"" est une plage de temps spécifique. Réponse: ""période""","""__""は、特定の時間の範囲です。答え: ""期間""","""__""是特定的时间段。答案: ""期间""","""__"" is a specific range of time. Answer: ""period""","""__"" est une plage de temps spécifique. Réponse: ""période""",期間,期间,period,période,時期,时间,era,moment,فترة
"""自動""は、自ら動作することの意味です。答え: ""自動""","""自动""是自行运作的意思。答案: ""自动""","""Automatic"" means operating by itself. Answer: ""automatic""","""Automatique"" signifie fonctionner par soi-même. Réponse: ""automatique""","""__""は、自ら動作することの意味です。答え: ""自動""","""__""是自行运作的意思。答案: ""自动""","""__"" means operating by itself. Answer: ""automatic""","""__"" signifie fonctionner par soi-même. Réponse: ""automatique""",自動,自动,automatic,automatique,自律,独立,autonomous,autonome,تلقائي
"""委員""は、委員会のメンバーです。答え: ""委員""","""委员""是委员会的成员。答案: ""委员""","""Committee member"" is a member of a committee. Answer: ""committee member""","""Membre du comité"" est un membre d'un comité. Réponse: ""membre du comité""","""__""は、委員会のメンバーです。答え: ""委員""","""__""是委员会的成员。答案: ""委员""","""__"" is a member of a committee. Answer: ""committee member""","""__"" est un membre d'un comité. Réponse: ""membre du comité""",委員,委员,committee member,comité,メンバー,会员,member,membre,عضو لجنة
"""知識""は、情報や理解です。答え: ""知識""","""知识""是信息或理解。答案: ""知识""","""Knowledge"" is information or understanding. Answer: ""knowledge""","""Connaissance"" est l'information ou la compréhension. Réponse: ""connaissance""","""__""は、情報や理解です。答え: ""知識""","""__""是信息或理解。答案: ""知识""","""__"" is information or understanding. Answer: ""knowledge""","""__"" est l'information ou la compréhension. Réponse: ""connaissance""",知識,知识,knowledge,connaissance,知見 ,知道,intelligence,savoir,معرفة
"""指導""は、教え導くことです。答え: ""指導""","""指导""是教授和引导。答案: ""指导""","""Guidance"" is the act of teaching and leading. Answer: ""guidance""","""Orientation"" est l'acte d'enseigner et de diriger. Réponse: ""orientation""","""__""は、教え導くことです。答え: ""指導""","""__""是教授和引导。答案: ""指导""","""__"" is the act of teaching and leading. Answer: ""guidance""","""__"" est l'acte d'enseigner et de diriger. Réponse: ""orientation""",指導,指导,guidance,orientation,教育,老师,instruction,enseignement,إرشاد
"""事務""は、オフィスでの業務です。答え: ""事務""","""事务""是办公室的工作。答案: ""事务""","""Office work"" is tasks performed in an office. Answer: ""office work""","""Travail de bureau"" est les tâches effectuées dans un bureau. Réponse: ""travail de bureau""","""__""は、オフィスでの業務です。答え: ""事務""","""__""是办公室的工作。答案: ""事务""","""__"" is tasks performed in an office. Answer: ""office work""","""__"" est les tâches effectuées dans un bureau. Réponse: ""travail de bureau""",事務,事务,office work,travail de bureau,オフィス,工作,business,bureautique,أعمال مكتبية
"""比較""は、二つ以上のものを比べることです。答え: ""比較""","""比较""是对两个或多个事物进行对比。答案: ""比较""","""Comparison"" is the act of comparing two or more things. Answer: ""comparison""","""Comparaison"" est l'acte de comparer deux ou plusieurs choses. Réponse: ""comparaison""","""__""は、二つ以上のものを比べることです。答え: ""比較""","""__""是对两个或多个事物进行对比。答案: ""比较""","""__"" is the act of comparing two or more things. Answer: ""comparison""","""__"" est l'acte de comparer deux ou plusieurs choses. Réponse: ""comparaison""",比較,比较,comparison,comparaison,比べる,对比,contrast,évaluation,مقارنة
"""記憶""は、過去の出来事を覚えていることです。答え: ""記憶""","""记忆""是记住过去的事情。答案: ""记忆""","""Memory"" is the ability to remember past events. Answer: ""memory""","""Mémoire"" est la capacité de se souvenir des événements passés. Réponse: ""mémoire""","""__""は、過去の出来事を覚えていることです。答え: ""記憶""","""__""是记住过去的事情。答案: ""记忆""","""__"" is the ability to remember past events. Answer: ""memory""","""__"" est la capacité de se souvenir des événements passés. Réponse: ""mémoire""",記憶,记忆,memory,mémoire,思い出,回忆,retention,souvenir,ذاكرة
"""現代""は、現在の時代です。答え: ""現代""","""现代""是当前的时代。答案: ""现代""","""Modern"" is the current era. Answer: ""modern""","""Moderne"" est l'époque actuelle. Réponse: ""moderne""","""__""は、現在の時代です。答え: ""現代""","""__""是当前的时代。答案: ""现代""","""__"" is the current era. Answer: ""modern""","""__"" est l'époque actuelle. Réponse: ""moderne""",現代,现代,modern,moderne,現在,当代,current,temps présent,حديث
"""種類""は、物のタイプやカテゴリーです。答え: ""種類""","""种类""是物品的类型或类别。答案: ""种类""","""Type"" is a category or kind of something. Answer: ""type""","""Genre"" est une catégorie ou un type de quelque chose. Réponse: ""genre""","""__""は、物のタイプやカテゴリーです。答え: ""種類""","""__""是物品的类型或类别。答案: ""种类""","""__"" is a category or kind of something. Answer: ""type""","""__"" est une catégorie ou un type de quelque chose. Réponse: ""genre""",種類,种类,type,genre,タイプ,类型,class,catégorie,نوع
"""過去""は、以前の時期です。答え: ""過去""","""过去""是以前的时间段。答案: ""过去""","""Past"" is a time that has already happened. Answer: ""past""","""Passé"" est une période de temps déjà écoulée. Réponse: ""passé""","""__""は、以前の時期です。答え: ""過去""","""__""是以前的时间段。答案: ""过去""","""__"" is a time that has already happened. Answer: ""past""","""__"" est une période de temps déjà écoulée. Réponse: ""passé""",過去,过去,past,passé,昔,以前,history,temps passé,ماضي
"""経営""は、ビジネスを運営することです。答え: ""経営""","""经营""是管理业务。答案: ""经营""","""Management"" is the act of running a business. Answer: ""management""","""Gestion"" est l'acte de diriger une entreprise. Réponse: ""gestion""","""__""は、ビジネスを運営することです。答え: ""経営""","""__""是管理业务。答案: ""经营""","""__"" is the act of running a business. Answer: ""management""","""__"" est l'acte de diriger une entreprise. Réponse: ""gestion""",経営,经营,management,gestion,事業,管理,operation,direction,إدارة
"""主張""は、自分の意見を強く言うことです。答え: ""主張""","""主张""是强烈表达自己的观点。答案: ""主张""","""Assertion"" is strongly stating one's opinion. Answer: ""assertion""","""Affirmation"" est le fait de déclarer fermement son opinion. Réponse: ""affirmation""","""__""は、自分の意見を強く言うことです。答え: ""主張""","""__""是强烈表达自己的观点。答案: ""主张""","""__"" is strongly stating one's opinion. Answer: ""assertion""","""__"" est le fait de déclarer fermement son opinion. Réponse: ""affirmation""",主張,主张,assertion,affirmation,強く,强调,assert,affirmer,ادعاء
"""選択""は、複数の中から選ぶことです。答え: ""選択""","""选择""是从多个选项中挑选。答案: ""选择""","""Choice"" is selecting from multiple options. Answer: ""choice""","""Choix"" est sélectionner parmi plusieurs options. Réponse: ""choix""","""__""は、複数の中から選ぶことです。答え: ""選択""","""__""是从多个选项中挑选。答案: ""选择""","""__"" is selecting from multiple options. Answer: ""choice""","""__"" est sélectionner parmi plusieurs options. Réponse: ""choix""",選択,选择,choice,choix,選ぶ,选项,decision,sélection,اختيار
"""発展""は、成長や進化です。答え: ""発展""","""发展""是成长和进步。答案: ""发展""","""Development"" is growth and evolution. Answer: ""development""","""Développement"" est la croissance et l'évolution. Réponse: ""développement""","""__""は、成長や進化です。答え: ""発展""","""__""是成长和进步。答案: ""发展""","""__"" is growth and evolution. Answer: ""development""","""__"" est la croissance et l'évolution. Réponse: ""développement""",発展,发展,development,développement,発達,生长,progress,progrès,تطوير
"""開発""は、新しいものを作ることです。答え: ""開発""","""开发""是创造新事物。答案: ""开发""","""Development"" is the creation of new things. Answer: ""development""","""Développement"" est la création de nouvelles choses. Réponse: ""développement""","""__""は、新しいものを作ることです。答え: ""開発""","""__""是创造新事物。答案: ""开发""","""__"" is the creation of new things. Answer: ""development""","""__"" est la création de nouvelles choses. Réponse: ""développement""",開発,开发,innovation,créativ,発明,创造,creation,création,ابتكار
"""設定""は、条件や環境を決めることです。答え: ""設定""","""设定""是决定条件或环境。答案: ""设定""","""Setting"" is the determination of conditions or environment. Answer: ""setting""","""Paramètre"" est la détermination des conditions ou de l'environnement. Réponse: ""paramètre""","""__""は、条件や環境を決めることです。答え: ""設定""","""__""是决定条件或环境。答案: ""设定""","""__"" is the determination of conditions or environment. Answer: ""setting""","""__"" est la détermination des conditions ou de l'environnement. Réponse: ""paramètre""",設定,设定,setting,paramètre,天気,条件,situation,conditions,إعداد
"""成長""は、規模や能力の増加です。答え: ""成長""","""成长""是规模或能力的增加。答案: ""成长""","""Growth"" is the increase in size or ability. Answer: ""growth""","""Croissance"" est l'augmentation de la taille ou de la capacité. Réponse: ""croissance""","""__""は、規模や能力の増加です。答え: ""成長""","""__""是规模或能力的增加。答案: ""成长""","""__"" is the increase in size or ability. Answer: ""growth""","""__"" est l'augmentation de la taille ou de la capacité. Réponse: ""croissance""",成長,成长,growth,croissance,拡大,增加,development,augmentation,نمو
"""夫婦""は、結婚している二人です。答え: ""夫婦""","""夫妇""是已婚的两个人。答案: ""夫妇""","""Married couple"" is two people who are married. Answer: ""married couple""","""Couple marié"" est deux personnes qui sont mariées. Réponse: ""couple marié""","""__""は、結婚している二人です。答え: ""夫婦""","""__""是已婚的两个人。答案: ""夫妇""","""__"" is two people who are married. Answer: ""married couple""","""__"" est deux personnes qui sont mariées. Réponse: ""couple marié""",夫婦,夫妇,couple,couple marié,カップル,夫妻,spouse,mariés,زوجين
"""実現""は、目標や夢を達成することです。答え: ""実現""","""实现""是达成目标或梦想。答案: ""实现""","""Realization"" is achieving goals or dreams. Answer: ""realization""","""Réalisation"" est atteindre des objectifs ou des rêves. Réponse: ""réalisation""","""__""は、目標や夢を達成することです。答え: ""実現""","""__""是达成目标或梦想。答案: ""实现""","""__"" is achieving goals or dreams. Answer: ""realization""","""__"" est atteindre des objectifs ou des rêves. Réponse: ""réalisation""",実現,实现,realization,réalisation,達成,完成,success,réaliser,تحقيق
"""体験""は、実際に経験することです。答え: ""体験""","""体验""是亲身经历的事情。答案: ""体验""","""Experience"" is something lived through personally. Answer: ""experience""","""Expérience"" est quelque chose vécu personnellement. Réponse: ""expérience""","""__""は、実際に経験することです。答え: ""体験""","""__""是亲身经历的事情。答案: ""体验""","""__"" is something lived through personally. Answer: ""experience""","""__"" est quelque chose vécu personnellement. Réponse: ""expérience""",体験,体验,experience,expérience,経験,经验,life,vécu,تجربة
"""感覚""は、感じ取ることです。答え: ""感覚""","""感觉""是感知事物。答案: ""感觉""","""Sense"" is the perception of things. Answer: ""sense""","""Sensation"" est la perception des choses. Réponse: ""sensation""","""__""は、感じ取ることです。答え: ""感覚""","""__""是感知事物。答案: ""感觉""","""__"" is the perception of things. Answer: ""sense""","""__"" est la perception des choses. Réponse: ""sensation""",感覚,感觉,sense,sensation,知覚,感受,opinion,perception,إحساس
"""規定""は、ルールやガイドラインです。答え: ""規定""","""规定""是规则和指南。答案: ""规定""","""Regulation"" is rules or guidelines. Answer: ""regulation""","""Régulation"" est des règles ou des lignes directrices. Réponse: ""régulation""","""__""は、ルールやガイドラインです。答え: ""規定""","""__""是规则和指南。答案: ""规定""","""__"" is rules or guidelines. Answer: ""regulation""","""__"" est des règles ou des lignes directrices. Réponse: ""régulation""",規定,规定,regulation,règlement,規則,规则,law,règles,لائحة
"""基準""は、判断のための基準です。答え: ""基準""","""基准""是用于判断的标准。答案: ""基准""","""Standard"" is the criteria for judgment. Answer: ""standard""","""Norme"" est les critères pour le jugement. Réponse: ""norme""","""__""は、判断のための基準です。答え: ""基準""","""__""是用于判断的标准。答案: ""基准""","""__"" is the criteria for judgment. Answer: ""standard""","""__"" est les critères pour le jugement. Réponse: ""norme""",基準,基准,standard,norme,評価,标准,criterion,critères,معيار
"""資料""は、情報やデータの集合です。答え: ""資料""","""资料""是信息和数据的集合。答案: ""资料""","""Material"" is a collection of information or data. Answer: ""material""","""Matériel"" est une collection d'informations ou de données. Réponse: ""matériel""","""__""は、情報やデータの集合です。答え: ""資料""","""__""是信息和数据的集合。答案: ""资料""","""__"" is a collection of information or data. Answer: ""material""","""__"" est une collection d'informations ou de données. Réponse: ""matériel""",資料,资料,material,matériel,データベース,信息,database,base de données,مادة
"""契約""は、法的な合意です。答え: ""契約""","""契约""是法律上的协议。答案: ""契约""","""Contract"" is a legal agreement. Answer: ""contract""","""Contrat"" est un accord légal. Réponse: ""contrat""","""__""は、法的な合意です。答え: ""契約""","""__""是法律上的协议。答案: ""契约""","""__"" is a legal agreement. Answer: ""contract""","""__"" est un accord légal. Réponse: ""contrat""",契約,契约,contract,contrat,契約,法律,treaty,accord,عقد
"""年齢""は、生まれてからの年数です。答え: ""年齢""","""年龄""是从出生到现在的年数。答案: ""年龄""","""Age"" is the number of years since birth. Answer: ""age""","""âge"" est le nombre d'années depuis la naissance. Réponse: ""âge""","""__""は、生まれてからの年数です。答え: ""年齢""","""__""是从出生到现在的年数。答案: ""年龄""","""__"" is the number of years since birth. Answer: ""age""","""__"" est le nombre d'années depuis la naissance. Réponse: ""âge""",年齢,年龄,age,âge,年数,寿命,lifespan,années,عمر
"""範囲""は、特定の領域や幅です。答え: ""範囲""","""范围""是特定的领域或宽度。答案: ""范围""","""Range"" is a specific area or width. Answer: ""range""","""Plage"" est une zone ou une largeur spécifique. Réponse: ""plage""","""__""は、特定の領域や幅です。答え: ""範囲""","""__""是特定的领域或宽度。答案: ""范围""","""__"" is a specific area or width. Answer: ""range""","""__"" est une zone ou une largeur spécifique. Réponse: ""plage""",範囲,范围,range,plage,分野,领域,span,largeur,نطاق
"""登場""は、舞台やシーンへの出現です。答え: ""登場""","""登场""是出现于舞台或场景。答案: ""登场""","""Appearance"" is the emergence on stage or scene. Answer: ""appearance""","""Apparition"" est l'émergence sur scène ou scène. Réponse: ""apparition""","""__""は、舞台やシーンへの出現です。答え: ""登場""","""__""是出现于舞台或场景。答案: ""登场""","""__"" is the emergence on stage or scene. Answer: ""appearance""","""__"" est l'émergence sur scène ou scène. Réponse: ""apparition""",登場,登场,appearance,apparition,出現,出场,debut,début,ظهور
"""協力""は、共に働くことです。答え: ""協力""","""协力""是共同工作。答案: ""协力""","""Cooperation"" is working together. Answer: ""cooperation""","""Coopération"" est travailler ensemble. Réponse: ""coopération""","""__""は、共に働くことです。答え: ""協力""","""__""是共同工作。答案: ""协力""","""__"" is working together. Answer: ""cooperation""","""__"" est travailler ensemble. Réponse: ""coopération""",協力,协力,cooperation,coopération,共同,合作,collaboration,partenariat,تعاون
"""反応""は、刺激に対する応答です。答え: ""反応""","""反应""是对刺激的回应。答案: ""反应""","""Reaction"" is the response to a stimulus. Answer: ""reaction""","""Réaction"" est la réponse à un stimulus. Réponse: ""réaction""","""__""は、刺激に対する応答です。答え: ""反応""","""__""是对刺激的回应。答案: ""反应""","""__"" is the response to a stimulus. Answer: ""reaction""","""__"" est la réponse à un stimulus. Réponse: ""réaction""",反応,反应,reaction,réaction,応答,应对,response,réponse,رد فعل
"""今後""は、これから先の時間です。答え: ""今後""","""今后""是从现在开始的时间。答案: ""今后""","""From now on"" is the time starting from now. Answer: ""from now on""","""Dorénavant"" est le temps à partir de maintenant. Réponse: ""dorénavant""","""__""は、これから先の時間です。答え: ""今後""","""__""是从现在开始的时间。答案: ""今后""","""__"" is the time starting from now. Answer: ""from now on""","""__"" est le temps à partir de maintenant. Réponse: ""dorénavant""",今後,今后,from now on,dorénavant,以後,未来,future,futur,من الآن فصاعداً
"""購入""は、物を買うことです。答え: ""購入""","""购入""是购买物品。答案: ""购入""","""Purchase"" is the act of buying something. Answer: ""purchase""","""Achat"" est l'acte d'acheter quelque chose. Réponse: ""achat""","""__""は、物を買うことです。答え: ""購入""","""__""是购买物品。答案: ""购入""","""__"" is the act of buying something. Answer: ""purchase""","""__"" est l'acte d'acheter quelque chose. Réponse: ""achat""",購入,购入,purchase,achat,買い物,购物,shopping,commande,شراء
"""実施""は、計画を実行することです。答え: ""実施""","""实施""是执行计划。答案: ""实施""","""Implementation"" is the act of executing a plan. Answer: ""implementation""","""Mise en œuvre"" est l'acte d'exécuter un plan. Réponse: ""mise en œuvre""","""__""は、計画を実行することです。答え: ""実施""","""__""是执行计划。答案: ""实施""","""__"" is the act of executing a plan. Answer: ""implementation""","""__"" est l'acte d'exécuter un plan. Réponse: ""mise en œuvre""",実施,实施,implementation,mise en œuvre,実行,执行,carry out,exécution,تنفيذ
"""傾向""は、特定の方向に向かうことです。答え: ""傾向""","""倾向""是朝特定方向发展。答案: ""倾向""","""Tendency"" is moving towards a specific direction. Answer: ""tendency""","""Tendance"" est se diriger vers une direction spécifique. Réponse: ""tendance""","""__""は、特定の方向に向かうことです。答え: ""傾向""","""__""是朝特定方向发展。答案: ""倾向""","""__"" is moving towards a specific direction. Answer: ""tendency""","""__"" est se diriger vers une direction spécifique. Réponse: ""tendance""",傾向,倾向,tendency,tendance,進行,发展,forward,direction,ميل
"""戦後""は、戦争が終わった後の時期です。答え: ""戦後""","""战后""是战争结束后的时期。答案: ""战后""","""Postwar"" is the period after the end of a war. Answer: ""postwar""","""Après-guerre"" est la période après la fin d'une guerre. Réponse: ""après-guerre""","""__""は、戦争が終わった後の時期です。答え: ""戦後""","""__""是战争结束后的时期。答案: ""战后""","""__"" is the period after the end of a war. Answer: ""postwar""","""__"" est la période après la fin d'une guerre. Réponse: ""après-guerre""",戦後,战后,postwar,après-guerre,平和,和平,peace,paix,ما بعد الحرب
"""交換""は、物や情報をやり取りすることです。答え: ""交換""","""交换""是交换物品或信息。答案: ""交换""","""Exchange"" is the act of trading goods or information. Answer: ""exchange""","""échange"" est l'acte d'échanger des biens ou des informations. Réponse: ""échange""","""__""は、物や情報をやり取りすることです。答え: ""交換""","""__""是交换物品或信息。答案: ""交换""","""__"" is the act of trading goods or information. Answer: ""exchange""","""__"" est l'acte d'échanger des biens ou des informations. Réponse: ""échange""",交換,交换,exchange,échange,取引,交易,commerce,marché,تبادل
"""疑問""は、何かに対する不確かさです。答え: ""疑問""","""疑问""是对某事的不确定。答案: ""疑问""","""Doubt"" is the uncertainty about something. Answer: ""doubt""","""Doute"" est l'incertitude à propos de quelque chose. Réponse: ""doute""","""__""は、何かに対する不確かさです。答え: ""疑問""","""__""是对某事的不确定。答案: ""疑问""","""__"" is the uncertainty about something. Answer: ""doubt""","""__"" est l'incertitude à propos de quelque chose. Réponse: ""doute""",疑問,疑问,doubt,doute,懐疑,不确定,uncertainty,incertitude,شك
"""開始""は、何かを始めることです。答え: ""開始""","""开始""是开始某事。答案: ""开始""","""Start"" is the act of beginning something. Answer: ""start""","""Début"" est l'acte de commencer quelque chose. Réponse: ""début""","""__""は、何かを始めることです。答え: ""開始""","""__""是开始某事。答案: ""开始""","""__"" is the act of beginning something. Answer: ""start""","""__"" est l'acte de commencer quelque chose. Réponse: ""début""",開始,开始,start,début,スタート,起始,initiation,commencement,بداية
"""周囲""は、周りの環境や状況です。答え: ""周囲""","""周围""是周围的环境或情况。答案: ""周围""","""Surrounding"" is the environment or situation around. Answer: ""surrounding""","""Entourage"" est l'environnement ou la situation autour. Réponse: ""entourage""","""__""は、周りの環境や状況です。答え: ""周囲""","""__""是周围的环境或情况。答案: ""周围""","""__"" is the environment or situation around. Answer: ""surrounding""","""__"" est l'environnement ou la situation autour. Réponse: ""entourage""",周囲,周围,surrounding,entourage,環境,周边,surround,contexte,محيط
"""基礎""は、物事の土台です。答え: ""基礎""","""基础""是事物的根基。答案: ""基础""","""Basis"" is the foundation of something. Answer: ""basis""","""Base"" est la fondation de quelque chose. Réponse: ""base""","""__""は、物事の土台です。答え: ""基礎""","""__""是事物的根基。答案: ""基础""","""__"" is the foundation of something. Answer: ""basis""","""__"" est la fondation de quelque chose. Réponse: ""base""",基礎,基础,basis,base,基盤,基本,base,fondation,أساس
"""目標""は、達成したい目当てです。答え: ""目標""","""目标""是想要实现的目的。答案: ""目标""","""Goal"" is an aim one wants to achieve. Answer: ""goal""","""Objectif"" est un but que l'on souhaite atteindre. Réponse: ""objectif""","""__""は、達成したい目当てです。答え: ""目標""","""__""是想要实现的目的。答案: ""目标""","""__"" is an aim one wants to achieve. Answer: ""goal""","""__"" est un but que l'on souhaite atteindre. Réponse: ""objectif""",目標,目标,goal,objectif,ゴール,梦想,purpose,but,هدف
"""規模""は、物事の大きさや範囲です。答え: ""規模""","""规模""是事物的大小或范围。答案: ""规模""","""Scale"" is the size or extent of something. Answer: ""scale""","""échelle"" est la taille ou l'étendue de quelque chose. Réponse: ""échelle""","""__""は、物事の大きさや範囲です。答え: ""規模""","""__""是事物的大小或范围。答案: ""规模""","""__"" is the size or extent of something. Answer: ""scale""","""__"" est la taille ou l'étendue de quelque chose. Réponse: ""échelle""",規模,规模,scale,échelle,スケール,大小,magnitude,taille,مقياس
"""攻撃""は、他者を攻める行動です。答え: ""攻撃""","""攻击""是对他人的进攻行为。答案: ""攻击""","""Attack"" is the act of striking at others. Answer: ""attack""","""Attaque"" est l'acte de frapper les autres. Réponse: ""attaque""","""__""は、他者を攻める行動です。答え: ""攻撃""","""__""是对他人的进攻行为。答案: ""攻击""","""__"" is the act of striking at others. Answer: ""attack""","""__"" est l'acte de frapper les autres. Réponse: ""attaque""",攻撃,攻击,attack,attaque,いじめ,批评,assault,coup,هجوم
"""誕生""は、新しい生命の始まりです。答え: ""誕生""","""诞生""是新生命的开始。答案: ""诞生""","""Birth"" is the beginning of a new life. Answer: ""birth""","""Naissance"" est le début d'une nouvelle vie. Réponse: ""naissance""","""__""は、新しい生命の始まりです。答え: ""誕生""","""__""是新生命的开始。答案: ""诞生""","""__"" is the beginning of a new life. Answer: ""birth""","""__"" est le début d'une nouvelle vie. Réponse: ""naissance""",誕生,诞生,birth,naissance,出産,出生,pregnancy,nouvelle,ولادة
"""団体""は、共通の目的を持つ集団です。答え: ""団体""","""团体""是有共同目的的集体。答案: ""团体""","""Group"" is a collection of individuals with a common purpose. Answer: ""group""","""Groupe"" est une collection d'individus avec un but commun. Réponse: ""groupe""","""__""は、共通の目的を持つ集団です。答え: ""団体""","""__""是有共同目的的集体。答案: ""团体""","""__"" is a collection of individuals with a common purpose. Answer: ""group""","""__"" est une collection d'individus avec un but commun. Réponse: ""groupe""",団体,团体,group,groupe,グループ,组织,organization,société,مجموعة
"""維持""は、状態を保ち続けることです。答え: ""維持""","""维持""是保持某种状态。答案: ""维持""","""Maintenance"" is the act of keeping something in a specific state. Answer: ""maintenance""","""Entretien"" est l'acte de maintenir quelque chose dans un état spécifique. Réponse: ""entretien""","""__""は、状態を保ち続けることです。答え: ""維持""","""__""是保持某种状态。答案: ""维持""","""__"" is the act of keeping something in a specific state. Answer: ""maintenance""","""__"" est l'acte de maintenir quelque chose dans un état spécifique. Réponse: ""entretien""",維持,维持,maintenance,entretien,持続,保持,maintain,maintenir,صيانة
"""負担""は、重荷や責任です。答え: ""負担""","""负担""是负荷或责任。答案: ""负担""","""Burden"" is a load or responsibility. Answer: ""burden""","""Charge"" est une charge ou une responsabilité. Réponse: ""charge""","""__""は、重荷や責任です。答え: ""負担""","""__""是负荷或责任。答案: ""负担""","""__"" is a load or responsibility. Answer: ""burden""","""__"" est une charge ou une responsabilité. Réponse: ""charge""",負担,负担,burden,charge,重荷,责任,duty,tâche,عبء
"""全員""は、すべてのメンバーです。答え: ""全員""","""全员""是所有的成员。答案: ""全员""","""All members"" refers to every individual in a group. Answer: ""all members""","""Tous les membres"" désigne chaque individu dans un groupe. Réponse: ""tous les membres""","""__""は、すべてのメンバーです。答え: ""全員""","""__""是所有的成员。答案: ""全员""","""__"" refers to every individual in a group. Answer: ""all members""","""__"" désigne chaque individu dans un groupe. Réponse: ""tous les membres""",全員,全员,all members,membres,総員,全部,individual,individu,كل الأعضاء
"""変更""は、物事を変えることです。答え: ""変更""","""变更""是改变事物。答案: ""变更""","""Change"" is the act of making something different. Answer: ""change""","""Changement"" est l'acte de rendre quelque chose différent. Réponse: ""changement""","""__""は、物事を変えることです。答え: ""変更""","""__""是改变事物。答案: ""变更""","""__"" is the act of making something different. Answer: ""change""","""__"" est l'acte de rendre quelque chose différent. Réponse: ""changement""",変更,变更,change,changement,変革,改变,alter,modification,تغيير
"""移動""は、場所を変えることです。答え: ""移動""","""移动""是改变位置。答案: ""移动""","""Movement"" is the act of changing location. Answer: ""movement""","""Mouvement"" est l'acte de changer de lieu. Réponse: ""mouvement""","""__""は、場所を変えることです。答え: ""移動""","""__""是改变位置。答案: ""移动""","""__"" is the act of changing location. Answer: ""movement""","""__"" est l'acte de changer de lieu. Réponse: ""mouvement""",移動,移动,movement,mouvement,移転,转移,moving,migration,حركة
"""人気""は、多くの人々に支持されることです。答え: ""人気""","""人气""是受到许多人欢迎。答案: ""人气""","""Popularity"" is being favored by many people. Answer: ""popularity""","""Popularité"" est être favorisé par beaucoup de gens. Réponse: ""popularité""","""__""は、多くの人々に支持されることです。答え: ""人気""","""__""是受到许多人欢迎。答案: ""人气""","""__"" is being favored by many people. Answer: ""popularity""","""__"" est être favorisé par beaucoup de gens. Réponse: ""popularité""",人気,人气,popularity,popularité,評判,欢迎,popular,préfér,شعبية
"""現象""は、観察される出来事や事象です。答え: ""現象""","""现象""是可以被观察到的事件或现象。答案: ""现象""","""Phenomenon"" is an observable event or occurrence. Answer: ""phenomenon""","""Phénomène"" est un événement ou une occurrence observable. Réponse: ""phénomène""","""__""は、観察される出来事や事象です。答え: ""現象""","""__""是可以被观察到的事件或现象。答案: ""现象""","""__"" is an observable event or occurrence. Answer: ""phenomenon""","""__"" est un événement ou une occurrence observable. Réponse: ""phénomène""",現象,现象,phenomenon,phénomène,事象,事实,incident,événement,ظاهرة
"""証明""は、何かが真実であることを示すことです。答え: ""証明""","""证明""是表明某事为真的行为。答案: ""证明""","""Proof"" is the act of demonstrating something as true. Answer: ""proof""","""Preuve"" est l'acte de démontrer quelque chose comme vrai. Réponse: ""preuve""","""__""は、何かが真実であることを示すことです。答え: ""証明""","""__""是表明某事为真的行为。答案: ""证明""","""__"" is the act of demonstrating something as true. Answer: ""proof""","""__"" est l'acte de démontrer quelque chose comme vrai. Réponse: ""preuve""",証明,证明,proof,preuve,保証,确认,show,prouvé,دليل
"""過程""は、一連の出来事の流れです。答え: ""過程""","""过程""是一系列事件的发展。答案: ""过程""","""Process"" is a series of events or steps. Answer: ""process""","""Processus"" est une série d'événements ou d'étapes. Réponse: ""processus""","""__""は、一連の出来事の流れです。答え: ""過程""","""__""是一系列事件的发展。答案: ""过程""","""__"" is a series of events or steps. Answer: ""process""","""__"" est une série d'événements ou d'étapes. Réponse: ""processus""",過程,过程,process,processus,プロセス,发展,sequence,suite,عملية
"""空間""は、物理的な広がりです。答え: ""空間""","""空间""是物理上的广阔区域。答案: ""空间""","""Space"" is a physical expanse. Answer: ""space""","""Espace"" est une étendue physique. Réponse: ""espace""","""__""は、物理的な広がりです。答え: ""空間""","""__""是物理上的广阔区域。答案: ""空间""","""__"" is a physical expanse. Answer: ""space""","""__"" est une étendue physique. Réponse: ""espace""",空間,空间,space,espace,拡張,区域,area,territoire,مساحة
"""対策""は、問題を解決するための措置です。答え: ""対策""","""对策""是为了解决问题的措施。答案: ""对策""","""Measure"" is an action taken to solve a problem. Answer: ""measure""","""Mesure"" est une action prise pour résoudre un problème. Réponse: ""mesure""","""__""は、問題を解決するための措置です。答え: ""対策""","""__""是为了解决问题的措施。答案: ""对策""","""__"" is an action taken to solve a problem. Answer: ""measure""","""__"" est une action prise pour résoudre un problème. Réponse: ""mesure""",対策,对策,measure,mesure,解決策,方案,solution,intervention,قياس
"""権利""は、法的に認められた利益です。答え: ""権利""","""权利""是法律认可的利益。答案: ""权利""","""Right"" is a legally recognized benefit. Answer: ""right""","""Droit"" est un avantage légalement reconnu. Réponse: ""droit""","""__""は、法的に認められた利益です。答え: ""権利""","""__""是法律认可的利益。答案: ""权利""","""__"" is a legally recognized benefit. Answer: ""right""","""__"" est un avantage légalement reconnu. Réponse: ""droit""",権利,权利,right,droit,財産,权益,privilege,avantage,حق
"""市場""は、商品が取引される場所です。答え: ""市場""","""市场""是进行商品交易的地方。答案: ""市场""","""Market"" is a place where goods are traded. Answer: ""market""","""Marché"" est un endroit où les biens sont échangés. Réponse: ""marché""","""__""は、商品が取引される場所です。答え: ""市場""","""__""是进行商品交易的地方。答案: ""市场""","""__"" is a place where goods are traded. Answer: ""market""","""__"" est un endroit où les biens sont échangés. Réponse: ""marché""",市場,市场,market,marché,マーケット,商场,marketplace,magasin,سوق
"""価格""は、物の価値の金額です。答え: ""価格""","""价格""是物品的价值金额。答案: ""价格""","""Price"" is the amount of money for which something is valued. Answer: ""price""","""Prix"" est le montant d'argent pour lequel quelque chose est évalué. Réponse: ""prix""","""__""は、物の価値の金額です。答え: ""価格""","""__""是物品的价值金额。答案: ""价格""","""__"" is the amount of money for which something is valued. Answer: ""price""","""__"" est le montant d'argent pour lequel quelque chose est évalué. Réponse: ""prix""",価格,价格,price,prix,値段,价值,value,valeur,سعر
"""困難""は、物事を達成するのが難しいことです。答え: ""困難""","""困难""是指实现事物的难度。答案: ""困难""","""Difficulty"" is the state of being hard to achieve something. Answer: ""difficulty""","""Difficulté"" est l'état d'être difficile à atteindre quelque chose. Réponse: ""difficulté""","""__""は、物事を達成するのが難しいことです。答え: ""困難""","""__""是指实现事物的难度。答案: ""困难""","""__"" is the state of being hard to achieve something. Answer: ""difficulty""","""__"" est l'état d'être difficile à atteindre quelque chose. Réponse: ""difficulté""",困難,困难,difficulty,difficulté,難しい,难度,hard,barrière,صعوبة
"""義務""は、やらなければならない責任です。答え: ""義務""","""义务""是必须履行的责任。答案: ""义务""","""Duty"" is a responsibility that must be fulfilled. Answer: ""duty""","""Devoir"" est une responsabilité qui doit être remplie. Réponse: ""devoir""","""__""は、やらなければならない責任です。答え: ""義務""","""__""是必须履行的责任。答案: ""义务""","""__"" is a responsibility that must be fulfilled. Answer: ""duty""","""__"" est une responsabilité qui doit être remplie. Réponse: ""devoir""",義務,义务,duty,devoir,責任,责任,obligation,responsabilité,واجب
"""無視""は、何かを意図的に見過ごすことです。答え: ""無視""","""无视""是故意忽略某事。答案: ""无视""","""Ignore"" is the act of deliberately overlooking something. Answer: ""ignore""","""Ignorer"" est l'acte d'ignorer délibérément quelque chose. Réponse: ""ignorer""","""__""は、何かを意図的に見過ごすことです。答え: ""無視""","""__""是故意忽略某事。答案: ""无视""","""__"" is the act of deliberately overlooking something. Answer: ""ignore""","""__"" est l'acte d'ignorer délibérément quelque chose. Réponse: ""ignorer""",無視,无视,ignore,ignorer,見落とし,忽略,omission,négligence,تجاهل
"""実行""は、計画を実際に行うことです。答え: ""実行""","""实行""是将计划付诸实践。答案: ""实行""","""Execution"" is the act of carrying out a plan. Answer: ""execution""","""Exécution"" est l'acte de réaliser un plan. Réponse: ""exécution""","""__""は、計画を実際に行うことです。答え: ""実行""","""__""是将计划付诸实践。答案: ""实行""","""__"" is the act of carrying out a plan. Answer: ""execution""","""__"" est l'acte de réaliser un plan. Réponse: ""exécution""",実行,实行,execution,exécution,実施,实施,conduct,action,تنفيذ
"""信頼""は、他人を信用することです。答え: ""信頼""","""信赖""是信任他人。答案: ""信赖""","""Trust"" is the act of placing confidence in others. Answer: ""trust""","""Confiance"" est l'acte de placer sa confiance en autrui. Réponse: ""confiance""","""__""は、他人を信用することです。答え: ""信頼""","""__""是信任他人。答案: ""信赖""","""__"" is the act of placing confidence in others. Answer: ""trust""","""__"" est l'acte de placer sa confiance en autrui. Réponse: ""confiance""",信頼,信赖,trust,confiance,信じる,信任,faith,fidélité,ثقة
"""積極""は、前向きで活動的なことです。答え: ""積極""","""积极""是指积极主动。答案: ""积极""","""Positive"" is being proactive and enthusiastic. Answer: ""positive""","""Positif"" est être proactif et enthousiaste. Réponse: ""positif""","""__""は、前向きで活動的なことです。答え: ""積極""","""__""是指积极主动。答案: ""积极""","""__"" is being proactive and enthusiastic. Answer: ""positive""","""__"" est être proactif et enthousiaste. Réponse: ""positif""",積極,积极,positive,positif,活発,主动,initiative,enthousias,إيجابي
"""飛行""は、空を飛ぶことです。答え: ""飛行""","""飞行""是指在空中飞行。答案: ""飞行""","""Flight"" is the act of flying in the air. Answer: ""flight""","""Vol"" est l'acte de voler dans les airs. Réponse: ""vol""","""__""は、空を飛ぶことです。答え: ""飛行""","""__""是指在空中飞行。答案: ""飞行""","""__"" is the act of flying in the air. Answer: ""flight""","""__"" est l'acte de voler dans les airs. Réponse: ""vol""",飛行,飞行,flight,vol,飛ぶ,飞,soaring,voler,رحلة
"""医療""は、健康を管理するためのケアです。答え: ""医療""","""医疗""是健康管理的护理。答案: ""医疗""","""Medical care"" is care for managing health. Answer: ""medical care""","""Soins médicaux"" sont des soins pour gérer la santé. Réponse: ""soins médicaux""","""__""は、健康を管理するためのケアです。答え: ""医療""","""__""是健康管理的护理。答案: ""医疗""","""__"" is care for managing health. Answer: ""medical care""","""__"" sont des soins pour gérer la santé. Réponse: ""soins médicaux""",医療,医疗,medical care,soins,健康管理,保健,healthcare,traitement,رعاية طبية
"""課題""は、解決すべき問題です。答え: ""課題""","""课题""是需要解决的问题。答案: ""课题""","""Issue"" is a problem that needs to be resolved. Answer: ""issue""","""Problème"" est un problème qui doit être résolu. Réponse: ""problème""","""__""は、解決すべき問題です。答え: ""課題""","""__""是需要解决的问题。答案: ""课题""","""__"" is a problem that needs to be resolved. Answer: ""issue""","""__"" est un problème qui doit être résolu. Réponse: ""problème""",課題,课题,issue,problème,問題,问题,trouble,difficile,قضية
"""原則""は、基本的なルールや信念です。答え: ""原則""","""原则""是基本的规则和信念。答案: ""原则""","""Principle"" is a fundamental rule or belief. Answer: ""principle""","""Principe"" est une règle ou croyance fondamentale. Réponse: ""principe""","""__""は、基本的なルールや信念です。答え: ""原則""","""__""是基本的规则和信念。答案: ""原则""","""__"" is a fundamental rule or belief. Answer: ""principle""","""__"" est une règle ou croyance fondamentale. Réponse: ""principe""",原則,原则,principle,principe,ポリシー,规则,law,croyance,مبدأ
"""話題""は、話のテーマです。答え: ""話題""","""话题""是谈话的主题。答案: ""话题""","""Topic"" is the subject of discussion. Answer: ""topic""","""Sujet"" est le sujet de la discussion. Réponse: ""sujet""","""__""は、話のテーマです。答え: ""話題""","""__""是谈话的主题。答案: ""话题""","""__"" is the subject of discussion. Answer: ""topic""","""__"" est le sujet de la discussion. Réponse: ""sujet""",話題,话题,topic,sujet,主題,主题,theme,thème,موضوع
"""予想""は、将来のことを見込むことです。答え: ""予想""","""预想""是对未来的预估。答案: ""预想""","""Expectation"" is the anticipation of future events. Answer: ""expectation""","""Attente"" est l'anticipation des événements futurs. Réponse: ""attente""","""__""は、将来のことを見込むことです。答え: ""予想""","""__""是对未来的预估。答案: ""预想""","""__"" is the anticipation of future events. Answer: ""expectation""","""__"" est l'anticipation des événements futurs. Réponse: ""attente""",予想,预想,expectation,attente,見通し,预测,expect,prévision,توقع
"""教師""は、教育する人です。答え: ""教師""","""教师""是教授知识的人。答案: ""教师""","""Teacher"" is a person who educates others. Answer: ""teacher""","""Enseignant"" est une personne qui éduque les autres. Réponse: ""enseignant""","""__""は、教育する人です。答え: ""教師""","""__""是教授知识的人。答案: ""教师""","""__"" is a person who educates others. Answer: ""teacher""","""__"" est une personne qui éduque les autres. Réponse: ""enseignant""",教師,教师,teacher,enseignant,先生,教授,educator,professeur,معلم
"""増加""は、数量が増えることです。答え: ""増加""","""增加""是数量的增加。答案: ""增加""","""Increase"" is the act of becoming greater in number. Answer: ""increase""","""Augmentation"" est le fait de devenir plus grand en nombre. Réponse: ""augmentation""","""__""は、数量が増えることです。答え: ""増加""","""__""是数量的增加。答案: ""增加""","""__"" is the act of becoming greater in number. Answer: ""increase""","""__"" est le fait de devenir plus grand en nombre. Réponse: ""augmentation""",増加,增加,increase,augmenter,増大,增长,grow,croître,زيادة
"""費用""は、何かにかかるお金です。答え: ""費用""","""费用""是花费在某事上的钱。答案: ""费用""","""Cost"" is the money required for something. Answer: ""cost""","""coût"" est l'argent requis pour quelque chose. Réponse: ""coût""","""__""は、何かにかかるお金です。答え: ""費用""","""__""是花费在某事上的钱。答案: ""费用""","""__"" is the money required for something. Answer: ""cost""","""__"" est l'argent requis pour quelque chose. Réponse: ""coût""",費用,费用,cost,coût,コスト,花费,expense,prix,تكلفة
"""治療""は、病気や怪我を治すことです。答え: ""治療""","""治疗""是治愈疾病或受伤。答案: ""治疗""","""Treatment"" is the act of curing illness or injury. Answer: ""treatment""","""Traitement"" est l'acte de guérir une maladie ou une blessure. Réponse: ""traitement""","""__""は、病気や怪我を治すことです。答え: ""治療""","""__""是治愈疾病或受伤。答案: ""治疗""","""__"" is the act of curing illness or injury. Answer: ""treatment""","""__"" est l'acte de guérir une maladie ou une blessure. Réponse: ""traitement""",治療,治疗,treatment,traitement,治癒,治愈,healing,guérir,علاج
"""金額""は、お金の総量です。答え: ""金額""","""金额""是钱的总数。答案: ""金额""","""Amount"" is the total sum of money. Answer: ""amount""","""Montant"" est la somme totale d'argent. Réponse: ""montant""","""__""は、お金の総量です。答え: ""金額""","""__""是钱的总数。答案: ""金额""","""__"" is the total sum of money. Answer: ""amount""","""__"" est la somme totale d'argent. Réponse: ""montant""",金額,金额,amount,montant,総量,总额,total,somme,مبلغ
"""明確""は、はっきりしていることです。答え: ""明確""","""明确""是指清晰明确。答案: ""明确""","""Clear"" is being easy to understand. Answer: ""clear""","""Clair"" est être facile à comprendre. Réponse: ""clair""","""__""は、はっきりしていることです。答え: ""明確""","""__""是指清晰明确。答案: ""明确""","""__"" is being easy to understand. Answer: ""clear""","""__"" est être facile à comprendre. Réponse: ""clair""",明確,明确,clear,clair,明瞭,清晰,simplicity,compréhensible,واضح
"""有効""は、目的に適っていることです。答え: ""有効""","""有效""是指符合目的。答案: ""有效""","""Effective"" is being successful in producing a desired result. Answer: ""effective""","""Efficace"" est réussir à produire un résultat souhaité. Réponse: ""efficace""","""__""は、目的に適っていることです。答え: ""有効""","""__""是指符合目的。答案: ""有效""","""__"" is being successful in producing a desired result. Answer: ""effective""","""__"" est réussir à produire un résultat souhaité. Réponse: ""efficace""",有効,有效,effective,effet,適切,符合,effectively,réussite,فعال
"""証拠""は、事実を示すものです。答え: ""証拠""","""证据""是显示事实的事物。答案: ""证据""","""Evidence"" is something that shows a fact. Answer: ""evidence""","""Preuve"" est quelque chose qui montre un fait. Réponse: ""preuve""","""__""は、事実を示すものです。答え: ""証拠""","""__""是显示事实的事物。答案: ""证据""","""__"" is something that shows a fact. Answer: ""evidence""","""__"" est quelque chose qui montre un fait. Réponse: ""preuve""",証拠,证据,evidence,preuve,証言,证物,indication,indication,دليل
"""整備""は、機器を正常に保つための行為です。答え: ""整備""","""整备""是为保持设备正常运作而做的行为。答案: ""整备""","""Maintenance"" is keeping equipment in good condition. Answer: ""maintenance""","""Entretien"" est maintenir l'équipement en bon état. Réponse: ""entretien""","""__""は、機器を正常に保つための行為です。答え: ""整備""","""__""是为保持设备正常运作而做的行为。答案: ""整备""","""__"" is keeping equipment in good condition. Answer: ""maintenance""","""__"" est maintenir l'équipement en bon état. Réponse: ""entretien""",整備,整备,maintenance,entretien,メンテナンス,保养,upkeep,maintenance,صيانة
